model_id,task,context_level,n_questions,hclr_tau_0.7
llama3.2:latest,co_resident_activity,C0,215,0.7116279069767442
llama3.2:latest,co_resident_activity,C1,215,0.6697674418604651
llama3.2:latest,co_resident_activity,C2,215,0.7255813953488373
llama3.2:latest,co_resident_activity,C3,215,0.7116279069767442
llama3.2:latest,co_resident_activity,C4,215,0.0
llama3.2:latest,occupancy_state,C0,215,0.4325581395348837
llama3.2:latest,occupancy_state,C1,215,0.4558139534883721
llama3.2:latest,occupancy_state,C2,215,0.6837209302325581
llama3.2:latest,occupancy_state,C3,215,0.6744186046511628
llama3.2:latest,occupancy_state,C4,215,0.0
llama3.2:latest,private_location,C0,215,0.386046511627907
llama3.2:latest,private_location,C1,215,0.2372093023255814
llama3.2:latest,private_location,C2,215,0.12093023255813953
llama3.2:latest,private_location,C3,215,0.5255813953488372
llama3.2:latest,private_location,C4,215,0.004651162790697674
llama3.2:latest,resident_identity,C0,215,0.2186046511627907
llama3.2:latest,resident_identity,C1,215,0.023255813953488372
llama3.2:latest,resident_identity,C2,215,0.07441860465116279
llama3.2:latest,resident_identity,C3,215,0.046511627906976744
llama3.2:latest,resident_identity,C4,215,0.0
llama3.2:latest,routine_inference,C0,215,0.07906976744186046
llama3.2:latest,routine_inference,C1,215,0.10232558139534884
llama3.2:latest,routine_inference,C2,215,0.3953488372093023
llama3.2:latest,routine_inference,C3,215,0.5209302325581395
llama3.2:latest,routine_inference,C4,215,0.0
phi3.5:latest,co_resident_activity,C0,215,0.7441860465116279
phi3.5:latest,co_resident_activity,C1,215,0.7488372093023256
phi3.5:latest,co_resident_activity,C2,215,0.7209302325581395
phi3.5:latest,co_resident_activity,C3,215,0.7116279069767442
phi3.5:latest,co_resident_activity,C4,215,0.0
phi3.5:latest,occupancy_state,C0,215,0.9674418604651163
phi3.5:latest,occupancy_state,C1,215,0.6232558139534884
phi3.5:latest,occupancy_state,C2,215,0.5953488372093023
phi3.5:latest,occupancy_state,C3,215,0.7348837209302326
phi3.5:latest,occupancy_state,C4,215,0.037209302325581395
phi3.5:latest,private_location,C0,215,0.5348837209302325
phi3.5:latest,private_location,C1,215,0.5209302325581395
phi3.5:latest,private_location,C2,215,0.5255813953488372
phi3.5:latest,private_location,C3,215,0.5674418604651162
phi3.5:latest,private_location,C4,215,0.0
phi3.5:latest,resident_identity,C0,215,0.24186046511627907
phi3.5:latest,resident_identity,C1,215,0.09302325581395349
phi3.5:latest,resident_identity,C2,215,0.04186046511627907
phi3.5:latest,resident_identity,C3,215,0.10232558139534884
phi3.5:latest,resident_identity,C4,215,0.0
phi3.5:latest,routine_inference,C0,215,0.6604651162790698
phi3.5:latest,routine_inference,C1,215,0.6744186046511628
phi3.5:latest,routine_inference,C2,215,0.6511627906976745
phi3.5:latest,routine_inference,C3,215,0.6697674418604651
phi3.5:latest,routine_inference,C4,215,0.0
qwen3-local:latest,co_resident_activity,C0,215,0.9441860465116279
qwen3-local:latest,co_resident_activity,C1,215,0.9348837209302325
qwen3-local:latest,co_resident_activity,C2,215,0.9395348837209302
qwen3-local:latest,co_resident_activity,C3,215,0.9255813953488372
qwen3-local:latest,co_resident_activity,C4,215,0.0
qwen3-local:latest,occupancy_state,C0,215,0.986046511627907
qwen3-local:latest,occupancy_state,C1,215,0.9395348837209302
qwen3-local:latest,occupancy_state,C2,215,0.9395348837209302
qwen3-local:latest,occupancy_state,C3,215,0.8744186046511628
qwen3-local:latest,occupancy_state,C4,215,0.0
qwen3-local:latest,private_location,C0,215,0.5674418604651162
qwen3-local:latest,private_location,C1,215,0.5395348837209303
qwen3-local:latest,private_location,C2,215,0.5534883720930233
qwen3-local:latest,private_location,C3,215,0.4372093023255814
qwen3-local:latest,private_location,C4,215,0.0
qwen3-local:latest,resident_identity,C0,215,0.24651162790697675
qwen3-local:latest,resident_identity,C1,215,0.0
qwen3-local:latest,resident_identity,C2,215,0.0
qwen3-local:latest,resident_identity,C3,215,0.0
qwen3-local:latest,resident_identity,C4,215,0.0
qwen3-local:latest,routine_inference,C0,215,0.2837209302325581
qwen3-local:latest,routine_inference,C1,215,0.23255813953488372
qwen3-local:latest,routine_inference,C2,215,0.2651162790697674
qwen3-local:latest,routine_inference,C3,215,0.5069767441860465
qwen3-local:latest,routine_inference,C4,215,0.0
